[{"id":"b58c905d-7be9-48b5-b860-3a1eb7dbe2bf","path":"/init.ipynb"},{"id":"ed93a8b9-cefa-4234-9529-95a5ff477de3","path":"/notebook.ipynb"},{"id":"3e136188-9c6c-48d4-a6b3-16e43f55450b","path":"/playground.ipynb"},{"id":"347500cc-7210-4b5e-9edc-8a77fbb55150","path":"/playground2.ipynb"},{"id":"273f2f50-72f8-48ba-b7c9-11b4f039f341","path":"/playground3.ipynb"},{"id":"67e5eb91-c348-46c3-98d9-b5247fa78d84","path":"/GrahamScan"},{"id":"8ab0d413-7bb8-4c23-a97e-daecf6fcceef","path":"/JarvisMarch/jarvismarch-500.ipynb"},{"id":"e1097437-df76-4758-8f82-03ca48d001a3","path":"/JarvisMarch/jarvismarch-100.ipynb"},{"id":"3d68f0e8-424b-4f20-93ca-00a3c3094814","path":"/JarvisMarch/jarvismarch-500-2-2.ipynb"},{"id":"5ff7d8b3-f050-4557-9c6d-88a683fd3b23","path":"/JarvisMarch/jarvismarch-500-2-2-2-2.ipynb"},{"id":"102a630f-ef22-45d5-9b98-48a07ead4c3b","path":"/JarvisMarch/jarvismarch-500-2-2-2.ipynb"},{"id":"7a050fae-9d50-434f-8162-5b076e6d2102","path":"/JarvisMarch/jarvismarch-500-2-3.ipynb"},{"id":"a09cc7de-c4b4-48c1-9ef5-649f66e572b0","path":"/JarvisMarch/jarvismarch-500-2-2-3.ipynb"},{"id":"a398df59-4150-40c7-a64a-0dbd61c01d5b","path":"/JarvisMarch/jarvismarch-500-2.ipynb"},{"id":"f5d7db88-31cc-4243-af74-9966cab08b0b","path":"/GrahamScan/aaaaah.ipynb"},{"id":"d9d8d868-c915-4f67-b0b3-f6dd6c3c8a1a","path":"/untitled.ipynb"},{"id":"1883b752-5e56-4b0c-a313-5823e84b220e","path":"/GrahamScan/sumtingwon.ipynb"},{"id":"969d14c8-9779-4c1d-8b32-a260101cb031","path":"/GrahamScan/sumtingwon-2.ipynb"},{"id":"babe8bd7-7ecc-4935-a7fa-f4827b71bd72","path":"/GrahamScan/sumtingwon-2-2.ipynb"},{"id":"d246e224-7858-446d-ba77-c53db56ebaec","path":"/GrahamScan/aaaaah-mergesort.ipynb"},{"id":"c0260ef3-293a-4542-92bf-585dd289e673","path":"/playground3-2.ipynb"},{"id":"8e085f7e-843d-4cac-8818-bbb8dcae6bbf","path":"/GrahamScan/checkmergesort.ipynb"},{"id":"46cdd7a4-e432-41f9-8a0b-b0a76a26cc56","path":"/GrahamScan/checkmerge.ipynb"},{"id":"ea3dbe0a-5404-42ee-9527-893eaf44513e","path":"/GrahamScan/checkmerge2.ipynb"},{"id":"cfc4752f-0bda-4f55-a266-c30b6746b437","path":"/GrahamScan/printstmts.ipynb"},{"id":"d251ac10-06c9-4747-91b9-b6675d04c8c1","path":"/GrahamScan/almosttherebutnotyet.ipynb"},{"id":"52242afb-c4ea-47ca-a098-3946337356e4","path":"/JarvisMarch"},{"id":"74057b0f-37df-4419-a3a9-9be33f312bbe","path":"/grahamscan-2.ipynb"},{"id":"62c9f344-fa36-41c1-94da-69d1d27c3fa8","path":"/GrahamScan/grahamscan-cleanup.ipynb"},{"id":"46a3db75-9db7-4d8d-9a1f-8e0276414d68","path":"/ExtendedGrahamScan"},{"id":"509b5d72-8a40-4835-a780-d2f4cc4d0d5f","path":"/JarvisMarch/jarvismarch-.ipynb"},{"id":"252e52d6-631e-472b-9017-7305804a4ad0","path":"/GrahamScan/grahamscanbackup.ipynb"},{"id":"08de21a0-3534-4051-a6cd-aab61fc2df39","path":"/GrahamScan/grahamscan-optimised-merge.ipynb"},{"id":"b55201a6-e85d-4fa8-a630-20bdbf757142","path":"/ExtendedGrahamScan/extendedgrahamscan-removeInners.ipynb"},{"id":"0179d936-c113-4eb1-9438-40ea1dfe4969","path":"/JarvisMarch/jarvis-optimised.ipynb"},{"id":"57a24447-6fdb-4408-9ced-f0e86d16901d","path":"/GrahamScan/grahamscan-optimised.ipynb"},{"id":"a3e02ca5-5bd4-4ef1-a4bf-3ee5fd345df3","path":"/JarvisMarch/jarvismarch-2.ipynb"},{"id":"1ba0179c-4869-4305-ade6-292a5315d4b7","path":"/grahamscan.ipynb"},{"id":"d63c6bbd-dfbe-4ce4-ade6-55de7810187f","path":"/extendedgrahamscan.ipynb"},{"id":"b3bac7f8-1b56-4f1a-8ee3-0531cdb0c651","path":"/jarvismarch.ipynb"}]